phrase,id,position,corresponding_text
The Fall of the House of Usher,0,0,"The Fall of the House of Usher

"
Part One,1,32,"Part One


"
It Was a dark and soundless day near the end of the year,2,43,"It Was a dark and soundless day near the end of the year,"
and clouds were hanging low in the heavens,3,100," and clouds were hanging low in the heavens.
"
All day I had been riding on horseback through country with little life or beauty,4,145, All day I had been riding on horseback through country with little life or beauty;
and in the early evening I came withinview of the House of Usher,5,228," and in the early evening I came withinview of the House of Usher.
"
I do not know how it was— but,6,295,"I do not know how it was— but,"
with my first sight of thebuilding,7,325," with my first sight of thebuilding,"
a sense of heavy sadnessfilled my spirit,8,361," a sense of heavy sadnessfilled my spirit.
"
I looked at thescene before me — at the houseitself — at the ground around it— at the cold stone walls of thebuilding — at its empty eye-likewindows — and at a few dead trees — I looked at this scene,9,404," I looked at thescene before me — at the houseitself — at the ground around it— at the cold stone walls of thebuilding — at its empty eye-likewindows — and at a few dead trees — I looked at this scene,"
I say,10,605," I say,"
with a complete sadness of soul which was no healthy,11,612,"with a complete sadness of soul which was no healthy,"
earthly feeling,12,665," earthly feeling.
"
There was a coldness,13,683,"There was a coldness,"
a sickening of the heart,14,704," a sickening of the heart,"
in which I could dis-cover nothing to lighten the weight I felt,15,730," in which I could dis-cover nothing to lighten the weight I felt.
"
What was it,16,796," What was it,"
I asked myself,17,809," I asked myself,"
what was it that was so fearful,18,825,"what was it that was so fearful,"
so frightening in my view of the Houseof Usher? This was a question to which I could find no answer,19,857," so frightening in my view of the Houseof Usher? This was a question to which I could find no answer.
"
I stopped my horse beside the building,20,959,"I stopped my horse beside the building,"
on the edge of a dark andquiet lake,21,998," on the edge of a dark andquiet lake.
"
There,22,1036," There,"
I could see reflected in the water a clear pictureof the dead trees,23,1043," I could see reflected in the water a clear pictureof the dead trees,"
and of the house and its empty eye-like windows,24,1112," and of the house and its empty eye-like windows.
"
I was now going to spend several weeks in this house of sadness —this house of gloom,25,1162,"I was now going to spend several weeks in this house of sadness —this house of gloom.
"
Its owner was named Roderick Usher,26,1248," Its owner was named Roderick Usher.
"
We hadbeen friends when we were boys,27,1285, We hadbeen friends when we were boys;
but many years had passed since ourlast meeting,28,1323," but many years had passed since ourlast meeting.
"
A letter from him had reached me,29,1373," A letter from him had reached me,"
a wild letter whichdemanded that I reply by coming to see him,30,1407," a wild letter whichdemanded that I reply by coming to see him.
"
He wrote of an illness ofthe body — of a sickness of the mind — and of a desire to see me —his best and indeed his only friend,31,1471," He wrote of an illness ofthe body — of a sickness of the mind — and of a desire to see me —his best and indeed his only friend.
"
It was the manner in which all thiswas said — it was the heart in it — which did not allow me to say no,32,1600," It was the manner in which all thiswas said — it was the heart in it — which did not allow me to say no.
"
Although as boys we had been together,33,1706,"Although as boys we had been together,"
I really knew little aboutmy friend,34,1744," I really knew little aboutmy friend.
"
I knew,35,1782," I knew,"
however,36,1790," however,"
that his family,37,1799," that his family,"
a very old one,38,1816," a very old one,"
had longbeen famous for its understanding of all the arts and for many quietacts of kindness to the poor,39,1832," had longbeen famous for its understanding of all the arts and for many quietacts of kindness to the poor.
"
I had learned too that the family hadnever been a large one,40,1939," I had learned too that the family hadnever been a large one,"
with many branches,41,2000," with many branches.
"
The name had passedalways from father to son,42,2021," The name had passedalways from father to son,"
and when people spoke of the “House ofUsher,43,2067," and when people spoke of the “House ofUsher,"
” they included both the family and the family home,44,2112,"” they included both the family and the family home.
"
I again looked up from the picture of the house reflected in thelake to the house itself,45,2165,"I again looked up from the picture of the house reflected in thelake to the house itself.
"
A strange idea grew in my mind — an idea sostrange that I tell it only to show the force of the feelings which laidtheir weight on me,46,2255," A strange idea grew in my mind — an idea sostrange that I tell it only to show the force of the feelings which laidtheir weight on me.
"
I really believed that around the whole house,47,2391," I really believed that around the whole house,"
and the ground around it,48,2438,"and the ground around it,"
the air itself was different,49,2463," the air itself was different.
"
It was not the airof heaven,50,2494," It was not the airof heaven.
"
It rose from the dead,51,2524," It rose from the dead,"
decaying trees,52,2547," decaying trees,"
from the gray walls,53,2563," from the gray walls,"
and the quiet lake,54,2584,"and the quiet lake.
"
It was a sickly,55,2604," It was a sickly,"
unhealthy air that I could see,56,2621," unhealthy air that I could see,"
slow-moving,57,2653,"slow-moving,"
heavy,58,2665," heavy,"
and gray,59,2672," and gray.
"
Shaking off from my spirit what must have been a dream,60,2683,"Shaking off from my spirit what must have been a dream,"
I lookedmore carefully at the building itself,61,2738," I lookedmore carefully at the building itself.
"
The most noticeable thing aboutit seemed to be its great age,62,2786," The most noticeable thing aboutit seemed to be its great age.
"
None of the walls had fallen,63,2849," None of the walls had fallen,"
yet thestones appeared to be in a condition of advanced decay,64,2879," yet thestones appeared to be in a condition of advanced decay.
"
Perhaps thecareful eye would have discovered the beginning of a break in thefront of the building,65,2943," Perhaps thecareful eye would have discovered the beginning of a break in thefront of the building,"
a crack making its way from the top down thewall until it became lost in the dark waters of the lake,66,3042," a crack making its way from the top down thewall until it became lost in the dark waters of the lake.
"
I rode over a short bridge to the house,67,3145,"I rode over a short bridge to the house.
"
A man who worked in thehouse — a servant — took my horse,68,3186," A man who worked in thehouse — a servant — took my horse,"
and I entered,69,3244," and I entered.
"
Another servant,70,3260," Another servant,"
of quiet step,71,3277,"of quiet step,"
led me without a word through many dark turnings tothe room of his master,72,3291," led me without a word through many dark turnings tothe room of his master.
"
Much that I met on the way added,73,3367," Much that I met on the way added,"
I do notknow how,74,3401," I do notknow how,"
to the strangeness of which I have already spoken,75,3419," to the strangeness of which I have already spoken.
"
Whilethe objects around me — the dark wall coverings,76,3471," Whilethe objects around me — the dark wall coverings,"
the blackness ofthe floors,77,3525," the blackness ofthe floors,"
and the things brought home from long forgotten wars —while these things were like the things I had known since I was a baby— while I admitted that all this was only what I had expected — I wasstill surprised at the strange ideas which grew in my mind from thesesimple things,78,3553," and the things brought home from long forgotten wars —while these things were like the things I had known since I was a baby— while I admitted that all this was only what I had expected — I wasstill surprised at the strange ideas which grew in my mind from thesesimple things.
"
The room I came into was very large and high,79,3831,"The room I came into was very large and high.
"
The windows werehigh,80,3877," The windows werehigh,"
and pointed at the top,81,3899," and pointed at the top,"
and so far above the black floor that theywere quite out of reach,82,3923," and so far above the black floor that theywere quite out of reach.
"
Only a little light,83,3991," Only a little light,"
red in color,84,4012," red in color,"
made its waythrough the glass,85,4026," made its waythrough the glass,"
and served to lighten the nearer and larger objects,86,4057," and served to lighten the nearer and larger objects.
"
My eyes,87,4111,"My eyes,"
however,88,4119," however,"
tried and failed to see into the far,89,4128," tried and failed to see into the far,"
high corners ofthe room,90,4166," high corners ofthe room.
"
Dark coverings hung upon the walls,91,4192," Dark coverings hung upon the walls.
"
The many chairs andtables had been used for a long,92,4229," The many chairs andtables had been used for a long,"
long time,93,4281," long time.
"
Books lay around the room,94,4293," Books lay around the room,"
but could give it no sense of life,95,4320,"but could give it no sense of life.
"
I felt sadness hanging over every-thing,96,4356," I felt sadness hanging over every-thing.
"
No escape from this deep cold gloom seemed possible,97,4398," No escape from this deep cold gloom seemed possible.
"
As I entered the room,98,4452,"As I entered the room,"
Usher stood up from where he had beenlying and met me with a warmth which at first I could not believe wasreal,99,4474," Usher stood up from where he had beenlying and met me with a warmth which at first I could not believe wasreal.
"
A look,100,4587," A look,"
however,101,4595," however,"
at his face told me that every word he spokewas true,102,4604," at his face told me that every word he spokewas true.
"
We sat down,103,4659,We sat down;
and for some moments,104,4671," and for some moments,"
while he said nothing,105,4693," while he said nothing,"
Ilooked at him with a feeling of sad surprise,106,4716," Ilooked at him with a feeling of sad surprise.
"
Surely,107,4764," Surely,"
no man had everbefore changed as Roderick Usher had! Could this be the friend of myearly years? It is true that his face had always been unusual,108,4772," no man had everbefore changed as Roderick Usher had! Could this be the friend of myearly years? It is true that his face had always been unusual.
"
He hadgray-white skin,109,4919, He hadgray-white skin;
eyes large and full of light,110,4942, eyes large and full of light;
lips not bright in color,111,4972," lips not bright in color,"
but of a beautiful shape,112,4998,but of a beautiful shape;
a well-shaped nose,113,5023, a well-shaped nose;
hair of great softness— a face that was not easy to forget,114,5043," hair of great softness— a face that was not easy to forget.
"
And now the increase in thisstrangeness of his face had caused so great a change that I almost didnot know him,115,5104," And now the increase in thisstrangeness of his face had caused so great a change that I almost didnot know him.
"
The horrible white of his skin,116,5217," The horrible white of his skin,"
and the strange lightin his eyes,117,5249," and the strange lightin his eyes,"
surprised me and even made me afraid,118,5283," surprised me and even made me afraid.
"
His hair had beenallowed to grow,119,5322," His hair had beenallowed to grow,"
and in its softness it did not fall around his face butseemed to lie upon the air,120,5356," and in its softness it did not fall around his face butseemed to lie upon the air.
"
I could not,121,5440," I could not,"
even with an effort,122,5453," even with an effort,"
see in myfriend the appearance of a simple human being,123,5474," see in myfriend the appearance of a simple human being.
"
In his manner,124,5531,"In his manner,"
I saw at once,125,5545," I saw at once,"
changes came and went,126,5560, changes came and went;
and Isoon found that this resulted from his attempt to quiet a very greatnervousness,127,5583," and Isoon found that this resulted from his attempt to quiet a very greatnervousness.
"
I had indeed been prepared for something like this,128,5670," I had indeed been prepared for something like this,"
partly by his letter and partly by remembering him as a boy,129,5722,"partly by his letter and partly by remembering him as a boy.
"
His actionswere first too quick and then too quiet,130,5783," His actionswere first too quick and then too quiet.
"
Sometimes his voice,131,5836," Sometimes his voice,"
slowand trembling with fear,132,5857," slowand trembling with fear,"
quickly changed to a strong,133,5886," quickly changed to a strong,"
heavy,134,5915," heavy,"
carefullyspaced,135,5922," carefullyspaced,"
too perfectly controlled manner,136,5939," too perfectly controlled manner.
"
It was in this manner that hespoke of the purpose of my visit,137,5973," It was in this manner that hespoke of the purpose of my visit,"
of his desire to see me,138,6036," of his desire to see me,"
and of thedeep delight and strength he expected me to give him,139,6061," and of thedeep delight and strength he expected me to give him.
"
He told mewhat he believed to be the nature of his illness,140,6126," He told mewhat he believed to be the nature of his illness.
"
It was,141,6187," It was,"
he said,142,6195," he said,"
a familysickness,143,6204," a familysickness,"
and one from which he could not hope to grow better — butit was,144,6222," and one from which he could not hope to grow better — butit was,"
he added at once,145,6287," he added at once,"
only a nervous illness which would withoutdoubt soon pass away,146,6305," only a nervous illness which would withoutdoubt soon pass away.
"
It showed itself in a number of strange feelings,147,6370," It showed itself in a number of strange feelings.
"
Some of these,148,6421,"Some of these,"
as he told me of them,149,6435," as he told me of them,"
interested me but were beyondmy understanding,150,6458, interested me but were beyondmy understanding;
perhaps the way in which he told me of themadded to their strangeness,151,6505," perhaps the way in which he told me of themadded to their strangeness.
"
He suffered much from a sickly increase inthe feeling of all the senses,152,6577, He suffered much from a sickly increase inthe feeling of all the senses;
he could eat only the most tasteless food,153,6650, he could eat only the most tasteless food;
all flowers smelled too strongly for his nose,154,6693,all flowers smelled too strongly for his nose;
his eyes were hurt by evena little light,155,6739, his eyes were hurt by evena little light;
and there were few sounds which did not fill him withhorror,156,6781," and there were few sounds which did not fill him withhorror.
"
A certain kind of sick fear was completely his master,157,6843," A certain kind of sick fear was completely his master.
"
“I shall die,158,6899,"“I shall die,"
” he said,159,6912,"” he said.
"
“I shall die! I must die of this fool’s sickness,160,6923," “I shall die! I must die of this fool’s sickness.
"
In this way,161,6974,"In this way,"
this way and no other way,162,6986," this way and no other way,"
I shall be lost,163,7013," I shall be lost.
"
I fear what willhappen in the future,164,7031," I fear what willhappen in the future,"
not for what happens,165,7069," not for what happens,"
but for the result of whathappens,166,7091," but for the result of whathappens.
"
I have,167,7127," I have,"
indeed,168,7135," indeed,"
no fear of pain,169,7143," no fear of pain,"
but only fear of its result —of terror! I feel that the time will soon arrive when I must lose mylife,170,7160," but only fear of its result —of terror! I feel that the time will soon arrive when I must lose mylife,"
and my mind,171,7263," and my mind,"
and my soul,172,7276," and my soul,"
together,173,7289," together,"
in some last battle with thathorrible enemy: feaR!”,174,7299," in some last battle with thathorrible enemy: feaR!”
 
 
"
Part Two,175,7356," Part Two
 

"
RodeRick usheR,176,7369," RodeRick usheR,"
Whom i hadknown as a boy,177,7385," Whom i hadknown as a boy,"
was now illand had asked me to come tohelp him,178,7411," was now illand had asked me to come tohelp him.
"
When I arrived I feltsomething strange and fearfulabout the great old stone house,179,7460," When I arrived I feltsomething strange and fearfulabout the great old stone house,"
about the lake in front of it,180,7543,"about the lake in front of it,"
andabout Usher himself,181,7573," andabout Usher himself.
"
He appearednot like a human being,182,7598," He appearednot like a human being,"
but likea spirit that had come back frombeyond the grave,183,7633," but likea spirit that had come back frombeyond the grave.
"
It was anillness,184,7692," It was anillness,"
he said,185,7710," he said,"
from which hewould surely die,186,7719," from which hewould surely die.
"
He called hissickness fear,187,7751," He called hissickness fear.
"
“I have,188,7780," “I have,"
” he said,189,7789,"” he said,"
“no fear of pain,190,7799,"“no fear of pain,"
but only the fearof its result — of terror,191,7816," but only the fearof its result — of terror.
"
I feelthat the time will soon arrive when I must lose my life,192,7861," I feelthat the time will soon arrive when I must lose my life,"
and my mind,193,7924," and my mind,"
and my soul,194,7937,"and my soul,"
together,195,7949," together,"
in some last battle with that horrible enemy:feaR!”I learned also,196,7959," in some last battle with that horrible enemy:feaR!”I learned also,"
but slowly,197,8026," but slowly,"
and through broken words with doubt-ful meaning,198,8038," and through broken words with doubt-ful meaning,"
another strange fact about the condition of Usher’s mind,199,8087," another strange fact about the condition of Usher’s mind.
"
He had certain sick fears about the house in which he lived,200,8146,"He had certain sick fears about the house in which he lived,"
and hehad not stepped out of it for many years,201,8206," and hehad not stepped out of it for many years.
"
He felt that the house,202,8255," He felt that the house,"
withits gray walls and the quiet lake around it,203,8279," withits gray walls and the quiet lake around it,"
had somehow through thelong years gotten a strong hold on his spirit,204,8328," had somehow through thelong years gotten a strong hold on his spirit.
"
He said,205,8399,"He said,"
however,206,8407," however,"
that much of the gloom which lay so heavily onhim was probably caused by something more plainly to be seen — bythe long-continued illness — indeed,207,8416," that much of the gloom which lay so heavily onhim was probably caused by something more plainly to be seen — bythe long-continued illness — indeed,"
the coming death — of a dearlyloved sister — his only company for many years,208,8564," the coming death — of a dearlyloved sister — his only company for many years.
"
Except for himself,209,8643," Except for himself,"
she was the last member of his family on earth,210,8663,"she was the last member of his family on earth.
"
“When she dies,211,8711," “When she dies,"
” hesaid,212,8727,"” hesaid,"
with a sadness which I can never forget,213,8736," with a sadness which I can never forget,"
“when she dies,214,8777," “when she dies,"
I will bethe last of the old,215,8793," I will bethe last of the old,"
old family — the House of Usher,216,8823," old family — the House of Usher.
"
”While he spoke,217,8857,"”While he spoke,"
the lady Madeline,218,8873, the lady Madeline (
for so she was called,219,8893,for so she was called)
passedslowly through a distant part of the room,220,8915," passedslowly through a distant part of the room,"
and without seeing that Iwas there,221,8964," and without seeing that Iwas there,"
went on,222,9000," went on.
"
I looked at her with a complete and wonderingsurprise and with some fear — and yet I found I could not explain tomyself such feelings,223,9010," I looked at her with a complete and wonderingsurprise and with some fear — and yet I found I could not explain tomyself such feelings.
"
My eyes followed her,224,9146," My eyes followed her.
"
When she came to a doorand it closed behind her,225,9169," When she came to a doorand it closed behind her,"
my eyes turned to the face of her brother— but he had put his face in his hands,226,9218," my eyes turned to the face of her brother— but he had put his face in his hands,"
and I could see only that thethin fingers through which his tears were flowing were whiter thanever before,227,9299," and I could see only that thethin fingers through which his tears were flowing were whiter thanever before.
"
The illness of the lady Madeline had long been beyond the helpof her doctors,228,9408,"The illness of the lady Madeline had long been beyond the helpof her doctors.
"
She seemed to care about nothing,229,9486," She seemed to care about nothing.
"
Slowly her body hadgrown thin and weak,230,9521," Slowly her body hadgrown thin and weak,"
and often for a short period she would fall intoa sleep like the sleep of the dead,231,9561," and often for a short period she would fall intoa sleep like the sleep of the dead.
"
So far she had not been forced tostay in bed,232,9646, So far she had not been forced tostay in bed;
but by the evening of the day I arrived at the house,233,9692," but by the evening of the day I arrived at the house,"
thepower of her destroyer,234,9746, thepower of her destroyer (
as her brother told me that night,235,9774,as her brother told me that night)
was toostrong for her,236,9808," was toostrong for her.
"
I learned that my one sight of her would probably bethe last I would have — that the lady,237,9832," I learned that my one sight of her would probably bethe last I would have — that the lady,"
at least while living,238,9923," at least while living,"
would beseen by me no more,239,9946," would beseen by me no more.
"
For several days following,240,9975,"For several days following,"
her name was not spoken by eitherUsher or myself,241,10002, her name was not spoken by eitherUsher or myself;
and during this period I was busy with efforts to liftmy friend out of his sadness and gloom,242,10052," and during this period I was busy with efforts to liftmy friend out of his sadness and gloom.
"
We painted and read together,243,10147, We painted and read together;
or listened,244,10177,"or listened,"
as if in a dream,245,10189," as if in a dream,"
to the wild music he played,246,10207," to the wild music he played.
"
And so,247,10237," And so,"
as awarmer and more loving friendship grew between us,248,10245," as awarmer and more loving friendship grew between us,"
I saw more clear-ly the uselessness of all attempts to bring happiness to a mind fromwhich only darkness came,249,10300," I saw more clear-ly the uselessness of all attempts to bring happiness to a mind fromwhich only darkness came,"
spreading upon all objects in the world itsnever-ending gloom,250,10411," spreading upon all objects in the world itsnever-ending gloom.
"
I shall always remember the hours I spent with the master of theHouse of Usher,251,10475,"I shall always remember the hours I spent with the master of theHouse of Usher.
"
Yet I would fail in any attempt to give an idea of thetrue character of the things we did together,252,10555," Yet I would fail in any attempt to give an idea of thetrue character of the things we did together.
"
There was a strange lightover everything,253,10656," There was a strange lightover everything.
"
The paintings which he made made me tremble,254,10699," The paintings which he made made me tremble,"
though I know not why,255,10744,"though I know not why.
"
To tell of them is beyond the power of writtenwords,256,10767," To tell of them is beyond the power of writtenwords.
"
If ever a man painted an idea,257,10821," If ever a man painted an idea,"
that man was Roderick Usher,258,10852," that man was Roderick Usher.
"
For me at least there came out of his pictures a sense of fear andwonder,259,10882,"For me at least there came out of his pictures a sense of fear andwonder.
"
One of these pictures may be told,260,10956,"One of these pictures may be told,"
although weakly,261,10990," although weakly,"
in words,262,11007," in words.
"
It showed the inside of a room where the dead might be placed,263,11018,"It showed the inside of a room where the dead might be placed,"
withlow walls,264,11080," withlow walls,"
white and plain,265,11095," white and plain.
"
It seemed to be very deep under the earth,266,11113," It seemed to be very deep under the earth.
"
There was no door,267,11157,"There was no door,"
no window,268,11175, no window;
and no light or fire burned,269,11186, and no light or fire burned;
yet a riverof light flowed through it,270,11215," yet a riverof light flowed through it,"
filling it with a horrible,271,11254," filling it with a horrible,"
ghastly brightness,272,11282," ghastly brightness.
"
I have spoken of that sickly condition of the senses,273,11303,"I have spoken of that sickly condition of the senses,"
which mademost music painful for Usher to hear,274,11356," which mademost music painful for Usher to hear.
"
The notes he could listen towith pleasure were very few,275,11405," The notes he could listen towith pleasure were very few.
"
It was this fact,276,11463," It was this fact,"
perhaps,277,11481," perhaps,"
that made themusic he played so different from most music,278,11490," that made themusic he played so different from most music.
"
But the wild beauty ofhis playing could not be explained,279,11550," But the wild beauty ofhis playing could not be explained.
"
The words of one of his songs,280,11609,"The words of one of his songs,"
called “The Haunted Palace,281,11639," called “The Haunted Palace,"
” Ihave easily remembered,282,11667,"” Ihave easily remembered.
"
In it I thought I saw,283,11694," In it I thought I saw,"
and for the first time,284,11717," and for the first time,"
that Usher knew very well that his mind was weakening,285,11741,"that Usher knew very well that his mind was weakening.
"
This songtold of a great house where a king lived — a palace — in a greenvalley,286,11796," This songtold of a great house where a king lived — a palace — in a greenvalley,"
where all was light and color and beauty,287,11877," where all was light and color and beauty,"
and the air was sweet,288,11919," and the air was sweet.
"
In the palace were two bright windows through which people in thathappy valley could hear music and could see smiling ghosts — spirits— moving around the king,289,11943,"In the palace were two bright windows through which people in thathappy valley could hear music and could see smiling ghosts — spirits— moving around the king.
"
The palace door was of the richest mate-rials,290,12103," The palace door was of the richest mate-rials,"
in red and white,291,12150, in red and white;
through it came other spirits whose only dutywas to sing in their beautiful voices about how wise their king was,292,12168," through it came other spirits whose only dutywas to sing in their beautiful voices about how wise their king was.
"
But a dark change came,293,12283,"But a dark change came,"
the song continued,294,12306," the song continued,"
and now those whoenter the valley see through the windows,295,12326," and now those whoenter the valley see through the windows,"
in a red light,296,12385," in a red light,"
shapes thatmove to broken music,297,12401, shapes thatmove to broken music;
while through the door,298,12434," while through the door,"
now colorless,299,12458," now colorless,"
a ghast-ly river of ghosts,300,12473," a ghast-ly river of ghosts,"
laughing but no longer smiling,301,12501," laughing but no longer smiling,"
rushes out forever,302,12533," rushes out forever.
"
Our talk of this song led to another strange idea in Usher’s mind,303,12554,"Our talk of this song led to another strange idea in Usher’s mind.
"
He believed that plants could feel and think,304,12621,"He believed that plants could feel and think,"
and not only plants,305,12666," and not only plants,"
butrocks and water as well,306,12687," butrocks and water as well.
"
He believed that the gray stones of his house,307,12716," He believed that the gray stones of his house,"
and the small plants growing on the stones,308,12763,"and the small plants growing on the stones,"
and the decaying trees,309,12806," and the decaying trees,"
had a power over him that made him what he was,310,12830,"had a power over him that made him what he was.
"
Our books — the books which,311,12878,"Our books — the books which,"
for years,312,12906," for years,"
had fed the sick man’smind — were,313,12917," had fed the sick man’smind — were,"
as might be supposed,314,12952," as might be supposed,"
of this same wild character,315,12974," of this same wild character.
"
Some of these books Usher sat and studied for hours,316,13004,"Some of these books Usher sat and studied for hours.
"
His chief delightwas found in reading one very old book,317,13057," His chief delightwas found in reading one very old book,"
written for some forgottenchurch,318,13114," written for some forgottenchurch,"
telling of the Watch over the Dead,319,13148," telling of the Watch over the Dead.
"
At last,320,13185,"At last,"
one evening he told me that the lady Madeline was aliveno more,321,13193," one evening he told me that the lady Madeline was aliveno more.
"
He said he was going to keep her body for a time in one ofthe many vaults inside the walls of the building,322,13258," He said he was going to keep her body for a time in one ofthe many vaults inside the walls of the building.
"
The worldly reasonhe gave for this was one with which I felt I had to agree,323,13367," The worldly reasonhe gave for this was one with which I felt I had to agree.
"
He haddecided to do this because of the nature of her illness,324,13445," He haddecided to do this because of the nature of her illness,"
because of thestrange interest and questions of her doctors,325,13508," because of thestrange interest and questions of her doctors,"
and because of the greatdistance to the graveyard where members of his family were placedin the earth,326,13569," and because of the greatdistance to the graveyard where members of his family were placedin the earth.
"
We two carried her body to its resting place,327,13673,"We two carried her body to its resting place.
"
The vault in whichwe placed it was small and dark,328,13719," The vault in whichwe placed it was small and dark,"
and in ages past it must have seenstrange and bloody scenes,329,13770," and in ages past it must have seenstrange and bloody scenes.
"
It lay deep below that part of the buildingwhere I myself slept,330,13832," It lay deep below that part of the buildingwhere I myself slept.
"
The thick door was of iron,331,13898," The thick door was of iron,"
and because of itsgreat weight made a loud,332,13926," and because of itsgreat weight made a loud,"
hard sound when it was opened and closed,333,13970," hard sound when it was opened and closed.
"
As we placed the lady Madeline in this room of horror I saw forthe first time the great likeness between brother and sister,334,14013,"As we placed the lady Madeline in this room of horror I saw forthe first time the great likeness between brother and sister,"
and Ushertold me then that they were twins — they had been born on the sameday,335,14137," and Ushertold me then that they were twins — they had been born on the sameday.
"
For that reason the understanding between them had always beengreat,336,14218," For that reason the understanding between them had always beengreat,"
and the tie that held them together very strong,337,14287," and the tie that held them together very strong.
"
We looked down at the dead face one last time,338,14337,"We looked down at the dead face one last time,"
and I was filledwith wonder,339,14383," and I was filledwith wonder.
"
As she lay there,340,14413," As she lay there,"
the lady Madeline looked not dead butasleep — still soft and warm — though to the touch cold as the stonesaround us,341,14431," the lady Madeline looked not dead butasleep — still soft and warm — though to the touch cold as the stonesaround us.


"
Part Three,342,14551,"Part Three


"
i Was visiTing an old fRiendof mine,343,14564,"i Was visiTing an old fRiendof mine,"
Roderick Usher,344,14600," Roderick Usher,"
in hisold stone house,345,14616," in hisold stone house,"
his palace,346,14639," his palace,"
wherea feeling of death hung on the air,347,14651," wherea feeling of death hung on the air.
"
I saw how fear was pressing on hisheart and mind,348,14693,"I saw how fear was pressing on hisheart and mind.
"
Now his only sis-ter,349,14743," Now his only sis-ter,"
the lady Madeline,350,14765," the lady Madeline,"
had diedand we had put her body in itsresting place,351,14784," had diedand we had put her body in itsresting place,"
in a room inside thecold walls of the palace,352,14837," in a room inside thecold walls of the palace,"
a damp,353,14883," a damp,"
dark vault,354,14891,"dark vault,"
a fearful place,355,14902," a fearful place.
"
As welooked down upon her face,356,14920," As welooked down upon her face,"
I sawthat there was a strong likenessbetween the two,357,14952," I sawthat there was a strong likenessbetween the two.
"
“Indeed,358,15007," “Indeed,"
” saidUsher,359,15016,"” saidUsher,"
“we were born on the sameday,360,15028," “we were born on the sameday,"
and the tie between us hasalways been strong,361,15058," and the tie between us hasalways been strong.
"
”We did not long look down at her,362,15105,"”We did not long look down at her,"
for fear and wonder filled ourhearts,363,15139," for fear and wonder filled ourhearts.
"
There was still a little color in her face and there seemed to bea smile on her lips,364,15178," There was still a little color in her face and there seemed to bea smile on her lips.
"
We closed the heavy iron door and returned to therooms above,365,15265," We closed the heavy iron door and returned to therooms above,"
which were hardly less gloomy than the vault,366,15327," which were hardly less gloomy than the vault.
"
And now a change came in the sickness of my friend’s mind,367,15374,"And now a change came in the sickness of my friend’s mind.
"
Hewent from room to room with a hurried step,368,15433," Hewent from room to room with a hurried step.
"
His face was,369,15480," His face was,"
if possible,370,15494," if possible,"
whiter and more ghastly than before,371,15507,"whiter and more ghastly than before,"
and the light in his eyes hadgone,372,15543," and the light in his eyes hadgone.
"
The trembling in his voice seemed to show the greatest fear,373,15579," The trembling in his voice seemed to show the greatest fear.
"
At times he sat looking at nothing for hours,374,15641,"At times he sat looking at nothing for hours,"
as if listening to somesound I could not hear,375,15686," as if listening to somesound I could not hear.
"
I felt his condition,376,15734," I felt his condition,"
slowly but certainly,377,15756," slowly but certainly,"
gain-ing power over me,378,15778, gain-ing power over me;
I felt that his wild ideas were becoming fixed inmy own mind,379,15802," I felt that his wild ideas were becoming fixed inmy own mind.
"
As I was going to bed late in the night of the seventh or eighthday after we placed the lady Madeline within the vault,380,15865,"As I was going to bed late in the night of the seventh or eighthday after we placed the lady Madeline within the vault,"
I experiencedthe full power of such feelings,381,15984," I experiencedthe full power of such feelings.
"
Sleep did not come — while the hourspassed,382,16031," Sleep did not come — while the hourspassed.
"
My mind fought against the nervousness,383,16076," My mind fought against the nervousness.
"
I tried to believethat much,384,16117," I tried to believethat much,"
if not all,385,16146," if not all,"
of what I felt was due to the gloomy room,386,16158," of what I felt was due to the gloomy room,"
to thedark wall coverings,387,16201," to thedark wall coverings,"
which in a rising wind moved on the walls,388,16228," which in a rising wind moved on the walls.
"
Butmy efforts were useless,389,16272," Butmy efforts were useless.
"
A trembling I could not stop filled my body,390,16301," A trembling I could not stop filled my body,"
and fear without reason caught my heart,391,16346,"and fear without reason caught my heart.
"
I sat up,392,16387," I sat up,"
looking into thedarkness of my room,393,16397," looking into thedarkness of my room,"
listening — I do not know why — to certain lowsounds which came when the storm was quiet,394,16434," listening — I do not know why — to certain lowsounds which came when the storm was quiet.
"
A feeling of horror layupon me like a heavy weight,395,16525," A feeling of horror layupon me like a heavy weight.
"
I put on my clothes and began walkingnervously around the room,396,16578," I put on my clothes and began walkingnervously around the room.
"
I had been walking for a very short time when I heard a light stepcoming toward my door,397,16643,"I had been walking for a very short time when I heard a light stepcoming toward my door.
"
I knew it was Usher,398,16732," I knew it was Usher.
"
In a moment I saw himat my door,399,16754," In a moment I saw himat my door,"
as usual very white,400,16787," as usual very white,"
but there was a wild laugh in his eyes,401,16808," but there was a wild laugh in his eyes.
"
Even so,402,16849,"Even so,"
I was glad to have his company,403,16857," I was glad to have his company.
"
“And have you not seen it?”he said,404,16890," “And have you not seen it?”he said.
"
He hurried to one of the windows and opened it to the storm,405,16927," He hurried to one of the windows and opened it to the storm.
"
The force of the entering wind nearly lifted us from our feet,406,16989,"The force of the entering wind nearly lifted us from our feet.
"
Itwas,407,17052," Itwas,"
indeed,408,17059," indeed,"
a stormy but beautiful night,409,17067," a stormy but beautiful night,"
and wildly strange,410,17097," and wildly strange.
"
Theheavy,411,17118," Theheavy,"
low-hanging clouds which seemed to press down upon thehouse,412,17128," low-hanging clouds which seemed to press down upon thehouse,"
flew from all directions against each other,413,17189," flew from all directions against each other,"
always returningand never passing away in the distance,414,17234," always returningand never passing away in the distance.
"
With their great thicknessthey cut off all light from the moon and the stars,415,17291," With their great thicknessthey cut off all light from the moon and the stars.
"
But we could seethem because they were lighted from below by the air itself,416,17370," But we could seethem because they were lighted from below by the air itself,"
which wecould see,417,17447," which wecould see,"
rising from the dark lake and from the stones of the houseitself,418,17466," rising from the dark lake and from the stones of the houseitself.
"
“You must not — you shall not look out at this!” I said to Usher,419,17533,"“You must not — you shall not look out at this!” I said to Usher,"
as I led him from the window to a seat,420,17598,"as I led him from the window to a seat.
"
“This appearance which sur-prises you so has been seen in other places,421,17638," “This appearance which sur-prises you so has been seen in other places,"
too,422,17710," too.
"
Perhaps the lake isthe cause,423,17716," Perhaps the lake isthe cause.
"
Let us close this window,424,17747, Let us close this window;
the air is cold,425,17773," the air is cold.
"
Here is one of thestories you like best,426,17791," Here is one of thestories you like best.
"
I will read and you shall listen and thus we willlive through this fearful night together,427,17833," I will read and you shall listen and thus we willlive through this fearful night together.
"
”The old book which I had picked up was one written by a foolfor fools to read,428,17925,"”The old book which I had picked up was one written by a foolfor fools to read,"
and it was not,429,18004," and it was not,"
in truth,430,18020," in truth,"
one that Usher liked,431,18030," one that Usher liked.
"
It was,432,18053," It was,"
however,433,18061,"however,"
the only one within easy reach,434,18069," the only one within easy reach.
"
He seemed to listen quietly,435,18102," He seemed to listen quietly.
"
Then I came to a part of the story in which a man,436,18132,"Then I came to a part of the story in which a man,"
a strong man fullof wine,437,18182," a strong man fullof wine,"
begins to break down a door,438,18208," begins to break down a door,"
and the sound of the dry woodas it breaks can be heard through all the forest around him,439,18237," and the sound of the dry woodas it breaks can be heard through all the forest around him.
"
Here I stopped,440,18328,"Here I stopped,"
for it seemed to me that from some very distantpart of the house sounds came to my ears like those of which I hadbeen reading,441,18343," for it seemed to me that from some very distantpart of the house sounds came to my ears like those of which I hadbeen reading.
"
It must have been this likeness that had made me noticethem,442,18471," It must have been this likeness that had made me noticethem,"
for the sounds themselves,443,18532," for the sounds themselves,"
with the storm still increasing,444,18559," with the storm still increasing,"
werenothing to stop or interest me,445,18592," werenothing to stop or interest me.
"
I continued the story,446,18629,"I continued the story,"
and read how the man,447,18651," and read how the man,"
now enteringthrough the broken door,448,18673," now enteringthrough the broken door,"
discovers a strange and terrible animal ofthe kind so often found in these old stories,449,18710," discovers a strange and terrible animal ofthe kind so often found in these old stories.
"
He strikes it and it falls,450,18799," He strikes it and it falls,"
with such a cry that he has to close his ears with his hands,451,18827,"with such a cry that he has to close his ears with his hands.
"
Here againI stopped,452,18889," Here againI stopped.
"
There could be no doubt,453,18911,"There could be no doubt.
"
This time I did hear a distant sound,454,18936," This time I did hear a distant sound,"
very much like the cry of the animal in the story,455,18974,"very much like the cry of the animal in the story.
"
I tried to controlmyself so that my friend would see nothing of what I felt,456,19025," I tried to controlmyself so that my friend would see nothing of what I felt.
"
I was notcertain that he had heard the sound,457,19103," I was notcertain that he had heard the sound,"
although he had clearly changedin some way,458,19149," although he had clearly changedin some way.
"
He had slowly moved his chair so that I could not seehim well,459,19194," He had slowly moved his chair so that I could not seehim well.
"
I did see that his lips were moving as if he were speaking tohimself,460,19258," I did see that his lips were moving as if he were speaking tohimself.
"
His head had dropped forward,461,19329," His head had dropped forward,"
but I knew he was not asleep,462,19359," but I knew he was not asleep,"
for his eyes were open and he was moving his body from side to side,463,19389,"for his eyes were open and he was moving his body from side to side.
"
I began reading again,464,19458,"I began reading again,"
and quickly came to a part of the storywhere a heavy piece of iron falls on a stone floor with a ringing sound,465,19480," and quickly came to a part of the storywhere a heavy piece of iron falls on a stone floor with a ringing sound.
"
These words had just passed my lips when I heard clearly,466,19593,"These words had just passed my lips when I heard clearly,"
but from faraway,467,19650," but from faraway,"
a loud ringing sound — as if something of iron had indeed fallenheavily upon a stone floor,468,19668," a loud ringing sound — as if something of iron had indeed fallenheavily upon a stone floor,"
or as if an iron door had closed,469,19760," or as if an iron door had closed.
"
I lost control of myself completely,470,19795,"I lost control of myself completely,"
and jumped up from my chair,471,19831," and jumped up from my chair.
"
Usher still sat,472,19861,"Usher still sat,"
moving a little from side to side,473,19877," moving a little from side to side.
"
His eyes were turnedto the floor,474,19913," His eyes were turnedto the floor.
"
I rushed to his chair,475,19948," I rushed to his chair.
"
As I placed my hand on his shoulder,476,19972," As I placed my hand on his shoulder,"
I felt that his whole body was trembling,477,20009,I felt that his whole body was trembling;
a sickly smile touched hislips,478,20050, a sickly smile touched hislips;
he spoke in a low,479,20082," he spoke in a low,"
quick,480,20101," quick,"
and nervous voice as if he did not knowI was there,481,20108," and nervous voice as if he did not knowI was there.
"
“Yes!” he said,482,20161,"“Yes!” he said.
"
“I heard it! Many minutes,483,20177," “I heard it! Many minutes,"
many hours,484,20204," many hours,"
many dayshave I heard it — but I did not dare to speak! We have put her livingin the vault! Did I not say that my senses were too strong? I heard herfirst movements many days ago — yet I did not dare to speak! Andnow,485,20216," many dayshave I heard it — but I did not dare to speak! We have put her livingin the vault! Did I not say that my senses were too strong? I heard herfirst movements many days ago — yet I did not dare to speak! Andnow,"
that story — but the sounds were hers! Oh,486,20434," that story — but the sounds were hers! Oh,"
where shall I run?!She is coming — coming to ask why I put her there too soon,487,20477," where shall I run?!She is coming — coming to ask why I put her there too soon.
"
I hearher footsteps on the stairs,488,20557," I hearher footsteps on the stairs.
"
I hear the heavy beating of her heart,489,20593," I hear the heavy beating of her heart.
"
”Here he jumped up and cried as if he were giving up his soul: “i Tellyou,490,20633,"”Here he jumped up and cried as if he were giving up his soul: “i Tellyou ,"
she noW sTands aT The dooR!!”The great door to which he was pointing now slowly opened,491,20708," she noW sTands aT The dooR!!”The great door to which he was pointing now slowly opened.
"
Itwas the work of the rushing wind,492,20797," Itwas the work of the rushing wind,"
perhaps — but no — outside thatdoor a shape did stand,493,20833," perhaps — but no — outside thatdoor a shape did stand,"
the tall figure,494,20888," the tall figure,"
in its grave-clothes,495,20905," in its grave-clothes,"
of the ladyMadeline of Usher,496,20927," of the ladyMadeline of Usher.
"
There was blood upon her white dress,497,20958," There was blood upon her white dress,"
and thesigns of her terrible efforts to escape were upon every part of her thinform,498,20996," and thesigns of her terrible efforts to escape were upon every part of her thinform.
"
For a moment she remained trembling at the door,499,21082, For a moment she remained trembling at the door;
then,500,21131," then,"
with alow cry,501,21137," with alow cry,"
she fell heavily in upon her brother,502,21152, she fell heavily in upon her brother;
in her pain,503,21190," in her pain,"
as she diedat last,504,21203," as she diedat last,"
she carried him down with her,505,21223," she carried him down with her,"
down to the floor,506,21254," down to the floor.
"
He too wasdead,507,21274," He too wasdead,"
killed by his own fear,508,21290," killed by his own fear.
"
I rushed from the room,509,21315,I rushed from the room;
I rushed from the house,510,21338," I rushed from the house.
"
I ran,511,21364," I ran.
"
The stormwas around me in all its strength as I crossed the bridge,512,21372," The stormwas around me in all its strength as I crossed the bridge.
"
Suddenlya wild light moved along the ground at my feet,513,21441," Suddenlya wild light moved along the ground at my feet,"
and I turned to seewhere it could have come from,514,21497," and I turned to seewhere it could have come from,"
for only the great house and its dark-ness were behind me,515,21547," for only the great house and its dark-ness were behind me.
"
The light was that of the full moon,516,21607," The light was that of the full moon,"
of a blood-red moon,517,21644," of a blood-red moon,"
which was now shining through that break in the frontwall,518,21665," which was now shining through that break in the frontwall,"
that crack which I thought I had seen when I first saw the palace,519,21724," that crack which I thought I had seen when I first saw the palace.
"
Then only a little crack,520,21792,"Then only a little crack,"
it now widened as I watched,521,21817," it now widened as I watched.
"
A strong windcame rushing over me — the whole face of the moon appeared,522,21847," A strong windcame rushing over me — the whole face of the moon appeared.
"
I sawthe great walls falling apart,523,21921," I sawthe great walls falling apart.
"
There was a long and stormy shoutingsound — and the deep black lake closed darkly over all that remainedof the house of usheR,524,21958," There was a long and stormy shoutingsound — and the deep black lake closed darkly over all that remainedof the house of usheR.
"
